index,my:hasAge{Literal}(xsd:integer),my:isBlue,my:name(xsd:string),my:knows
1,0.3628065205379948,True,foo,2
2,0.8970345528397192,False,bar,3
3,0.19809112872817392,True,foo,4
4,0.8037753494861215,False,bar,5
5,0.10373649330786194,True,foo,6
6,0.07281387148012164,False,bar,7
7,0.6421950063922077,True,foo,8
8,0.9936910766566679,False,foo,9
9,0.5812178898343578,True,bar,10
10,0.40353607687059045,False,foo,1
